{
  "total_weeks": 247,
  "industries": [
    "technology",
    "financial",
    "consumer_cyclical",
    "healthcare",
    "industrials"
  ],
  "date_range": "2018-W01 to 2022-W38",
  "sentiment_statistics": {
    "technology": {
      "mean": 0.0164287868100651,
      "std": 0.05088057429362964,
      "min": -0.12111805959851105,
      "max": 0.3718337451539501
    },
    "financial": {
      "mean": -0.11424822171966796,
      "std": 0.22569282048213235,
      "min": -0.8397902846336365,
      "max": 0.0
    },
    "consumer_cyclical": {
      "mean": 0.007930830039049206,
      "std": 0.11001467674943849,
      "min": -0.6371753215789795,
      "max": 0.7000884413719177
    },
    "healthcare": {
      "mean": -0.11202958292917665,
      "std": 0.1597368449284217,
      "min": -0.7403088741585531,
      "max": 0.2280877608148581
    },
    "industrials": {
      "mean": 0.0009393180157668204,
      "std": 0.06863553714776802,
      "min": -0.5256719589233398,
      "max": 0.6152762770652771
    }
  }
}