{
  "total_weeks": 508,
  "industries": [
    "technology",
    "financial",
    "consumer_cyclical",
    "healthcare",
    "industrials"
  ],
  "date_range": "2013-W01 to 2022-W38",
  "sentiment_statistics": {
    "technology": {
      "mean": 0.007988012484421414,
      "std": 0.03638238688306945,
      "min": -0.12111805959851105,
      "max": 0.3718337451539501
    },
    "financial": {
      "mean": -0.1371193148006318,
      "std": 0.171115278310112,
      "min": -0.8397902846336365,
      "max": 0.0
    },
    "consumer_cyclical": {
      "mean": 0.005228254344861978,
      "std": 0.07767773656059422,
      "min": -0.6371753215789795,
      "max": 0.7000884413719177
    },
    "healthcare": {
      "mean": -0.05452756809861537,
      "std": 0.12456881145285088,
      "min": -0.7403088741585531,
      "max": 0.2280877608148581
    },
    "industrials": {
      "mean": 0.006800519115910184,
      "std": 0.09676973944122481,
      "min": -0.5256719589233398,
      "max": 0.7167648929418999
    }
  }
}